{"author": "Aeschylus", "total": 41917, "angry": 0.010282224395829855, "nasty": 0.0028389436266908416, "affectionate": 0.005677887253381683, "nice": 0.0005487033900326837}