{"author": "Euripides", "total": 154113, "angry": 0.010965979508542433, "nasty": 0.002297015826049717, "affectionate": 0.007131131053188245, "nice": 0.00029199353720970976}