{"author": "Sophocles", "total": 62514, "angry": 0.011261477429055892, "nasty": 0.0014236810954346227, "affectionate": 0.004718942956777682, "nice": 0.0005598745880922673}